Month,.MMAX,.MMIN,..TMRF,.RH -0830,.RH -1730,dengue
1/1/2010,29,13.7,1.5,57,32,21
1/2/2010,32,15.9,0,52,26,15
1/3/2010,38.1,21.5,0,51,19,24
1/4/2010,41.7,25.9,0,56,22,45
1/5/2010,43.8,28.8,0,58,18,28
1/6/2010,39.9,28.6,62.1,69,39,35
1/7/2010,33.9,26.2,417,86,72,34
1/8/2010,32.8,25.8,534.3,90,76,90
1/9/2010,33.4,25.3,112,85,68,203
1/10/2010,35.8,23.5,8.8,67,44,259
1/11/2010,31.1,20.3,31.1,71,57,68
1/12/2010,28.2,12.9,1.7,69,45,52
1/13/2010,30.8,13.3,0,51,26,1
1/14/2010,33,15.1,0,48,22,0
1/15/2010,38.8,20.7,0,48,18,7
1/16/2010,41.9,24.8,0,53,18,5
1/17/2010,42.8,26.8,0,63,22,3
1/18/2010,38.5,27,56.3,64,46,2
1/19/2010,32.6,25.3,283.3,81,75,0
1/20/2010,31.3,24.6,235.4,83,76,1
1/21/2010,31.7,23.8,172,80,68,4
1/22/2010,35.6,22.6,3.6,71,43,5
1/23/2010,31.1,20.3,83.5,67,52,2
1/24/2010,28.8,12,0,54,32,1
1/25/2010,28.9,14.6,0.8,57,34,23
1/26/2010,31.2,16.8,0,47,26,22
1/27/2010,36.5,21.6,0,46,25,11
1/28/2010,39.9,24.5,0,43,25,8
1/29/2010,41.7,27.8,0,57,30,10
1/30/2010,37.9,27.1,106.5,72,55,7
1/31/2010,33.8,25.3,220.6,84,75,1
2/1/2010,32.4,24.9,124.8,86,77,14
2/2/2010,33,24.2,282.6,84,70,45
2/3/2010,35,23.6,0.1,72,47,57
2/4/2010,31.3,20.9,60.2,77,57,75
2/5/2010,28,14.1,0,69,43,14
2/6/2010,28.2,14,0.3,61,23,0
2/7/2010,31,15.8,0,65,20,0
2/8/2010,37.2,21.8,0,70,22,0
2/9/2010,40.2,24.5,0,74,26,0
2/10/2010,41,26.9,0.3,74,35,1
2/11/2010,38.3,27.8,59.5,74,47,0
2/12/2010,33.6,26.3,294.1,86,73,0
2/13/2010,32,25.2,393.2,90,78,0
2/14/2010,33,24.4,128.3,87,65,2
2/15/2010,37,24,0,76,38,12
2/16/2010,30.2,19.2,157,76,55,9
2/17/2010,27.4,12.6,0,67,31,1
2/18/2010,27.6,16.3,1.1,75,49,0
2/19/2010,27.3,18,0,84,68,1
2/20/2010,29.9,23.1,0,88,79,0
2/21/2010,31.5,25.7,0,91,84,0
2/22/2010,32.9,27.5,0,87,80,0
2/23/2010,33.3,28.1,77.1,83,76,1
2/24/2010,31.2,26.5,504.8,87,84,0
2/25/2010,30.2,25.5,387.3,89,84,1
2/26/2010,30.4,25.1,277.4,89,81,9
2/27/2010,33,25.1,0,82,75,7
2/28/2010,30.8,21.2,42.4,83,69,8
3/1/2010,27.6,15.7,0,78,52,0
3/2/2010,30.3,15.6,0,73,47,0
3/3/2010,30.5,16.3,0,73,46,0
3/4/2010,34.9,21.1,0,74,50,0
3/5/2010,35.1,24.4,0,82,58,0
3/6/2010,35.3,27.3,0,79,68,0
3/7/2010,35,28.7,40.7,80,72,0
3/8/2010,31.8,26.6,643.8,92,87,1
3/9/2010,30.6,26.1,483.7,90,85,1
3/10/2010,31.4,25.7,310.2,90,79,0
3/11/2010,34.4,25.3,18.7,80,61,4
3/12/2010,31.4,22.3,72.5,75,61,0
3/13/2010,28.6,15.3,0,76,46,0
3/14/2010,29.7,13.4,0,64,32,4
3/15/2010,32.2,15.3,0,61,21,3
3/16/2010,38.1,20.8,0,66,17,5
3/17/2010,41.4,24.1,0,72,17,24
3/18/2010,42.6,26.1,0,76,24,9
3/19/2010,38.8,26.5,100,81,50,6
3/20/2010,32.6,24.7,530.6,91,81,8
3/21/2010,32,24.3,496.3,92,85,13
3/22/2010,32.4,24,247.8,90,70,42
3/23/2010,36.3,23.1,13.6,77,40,98
3/24/2010,31.3,19.2,118.2,76,55,64
3/25/2010,28.5,12.2,0,72,35,8
3/26/2010,31.1,16.4,2.8,71,39,23
3/27/2010,32.1,17.9,0.1,69,37,8
3/28/2010,36.2,21.7,0,71,38,11
3/29/2010,37.1,25.5,0,72,47,7
3/30/2010,37.4,28.3,0,70,58,10
3/31/2010,34.4,27.9,125,81,72,17
4/1/2010,31.5,26,441.3,90,85,38
4/2/2010,30.7,26.2,358.8,90,84,74
4/3/2010,31.5,25.6,461.9,89,77,100
4/4/2010,33.8,24.2,187.2,85,65,161
4/5/2010,32.6,22.5,32.6,82,66,74
4/6/2010,29.2,15.5,0,78,50,45
4/7/2010,30.6,14.9,0,69,38,4
4/8/2010,32.7,17.2,0,64,33,4
4/9/2010,38,21.9,0,63,30,0
4/10/2010,41,26,0,61,25,7
4/11/2010,42.4,29,0,67,31,3
4/12/2010,38.7,28.4,9.6,75,47,1
4/13/2010,33,26.3,451.7,88,78,3
4/14/2010,31.8,25.9,522,91,79,5
4/15/2010,33,25.7,283.8,87,71,29
4/16/2010,36.4,24.9,0,75,49,44
4/17/2010,33.1,21.5,23.3,80,60,23
4/18/2010,29.5,14.4,0,79,49,7
4/19/2010,32.1,15.3,0,73,46,5
4/20/2010,31.9,16.2,0,70,48,3
4/21/2010,34.6,19.5,0,69,49,0
4/22/2010,35.9,23.1,0,69,56,0
4/23/2010,36.1,25.6,0,69,60,1
4/24/2010,34.2,25.1,120.5,78,73,3
4/25/2010,31.2,23.7,774,87,83,7
4/26/2010,30.3,23.5,786,90,85,6
4/27/2010,31.7,23,594,88,80,5
4/28/2010,33.4,22.6,82,84,69,10
4/29/2010,33.3,20.7,33,82,69,3
4/30/2010,30.3,13.9,0,82,57,0
5/1/2010,27.5,11.1,0,61,31,16
5/2/2010,30.8,15.4,0,62,30,15
5/3/2010,36.5,19,0,50,24,15
5/4/2010,39.7,24.1,0,46,20,14
5/5/2010,41,27.2,0,68,29,11
5/6/2010,39.3,28.4,15,69,43,17
5/7/2010,34.2,26.3,300.9,87,70,78
5/8/2010,31.6,25.3,337.4,92,83,78
5/9/2010,32.4,24.6,74.6,91,78,264
5/10/2010,35.7,21.8,0.2,65,43,397
5/11/2010,34,19.2,0,58,38,246
5/12/2010,30.2,14.3,0,62,37,88
5/13/2010,28.7,10.7,0,54,29,0
5/14/2010,31.4,14.6,0,64,26,0
5/15/2010,37.2,18.3,0,54,17,0
5/16/2010,39.9,23.3,0,54,15,1
5/17/2010,40.2,25.8,0,77,40,0
5/18/2010,36.9,27.3,11.6,81,62,2
5/19/2010,32.4,25.3,358.3,86,80,0
5/20/2010,30.7,25,283.4,87,81,0
5/21/2010,31.6,23.8,55.9,86,74,1
5/22/2010,35.1,21.9,93.6,69,50,0
5/23/2010,34,19.6,0,60,34,3
5/24/2010,31.3,13.7,0,55,30,0
5/25/2010,27.5,12.4,0,62,32,0
5/26/2010,30.6,16.5,0,63,30,0
5/27/2010,35.9,20.4,0,42,19,2
5/28/2010,38.5,25.3,0,41,20,3
5/29/2010,39.4,26.6,0,64,42,4
5/30/2010,38.5,28.4,0,68,47,2
5/31/2010,33.2,25.6,328.4,83,74,0
6/1/2010,31.6,25.1,334.8,89,81,1
6/2/2010,32.5,24.6,104.8,83,73,7
6/3/2010,35.2,23.5,0,68,40,8
6/4/2010,33.6,20.8,0,63,41,15
6/5/2010,29.5,15.7,0,59,39,8
6/6/2010,27.4,11.5,0,69,25,0
6/7/2010,30,15.4,1.4,78,34,0
6/8/2010,36.4,19.9,0,65,22,0
6/9/2010,39.2,22.8,0,60,20,0
6/10/2010,37.7,25.4,0,75,43,0
6/11/2010,37.5,27.1,0,73,51,1
6/12/2010,34.6,25.8,44,81,62,0
6/13/2010,32.3,24.5,338.9,92,79,0
6/14/2010,31.4,23.4,315.1,92,78,2
6/15/2010,35.1,21.8,0,77,43,0
6/16/2010,33.2,19.8,2,77,46,2
6/17/2010,28.3,12.7,0,70,35,7
6/18/2010,26.6,14.9,0,73,46,3
6/19/2010,27.4,17.3,2.9,80,61,1
6/20/2010,30,20.6,0,84,71,0
6/21/2010,30.1,23.5,0,84,79,0
6/22/2010,31.8,25.9,0,83,80,0
6/23/2010,32.1,26.8,126.6,82,80,0
6/24/2010,30.9,25.7,78.4,81,79,0
6/25/2010,30.2,24.7,138.9,80,79,0
6/26/2010,30.2,24.4,553.1,80,79,0
6/27/2010,32.4,24,0,79,76,2
6/28/2010,32.2,23.1,0.5,80,64,9
6/29/2010,28.9,17.6,0,75,51,2
6/30/2010,28.9,13.7,0,71,41,0
7/1/2010,30.3,16.6,0,76,48,0
7/2/2010,34.9,20.1,0,71,51,0
7/3/2010,35.5,23.6,0,76,56,0
7/4/2010,33.9,26.8,0,77,70,0
7/5/2010,33.5,27.6,164.8,79,75,0
7/6/2010,31.5,26.3,140.3,84,81,0
7/7/2010,30.7,25.8,272.4,87,82,0
7/8/2010,30.8,24.9,318.3,87,79,0
7/9/2010,34.7,23.4,0,73,52,1
7/10/2010,34.5,21.5,0,70,49,1
7/11/2010,31.2,15.6,0,64,36,0
7/12/2010,28.6,11.3,0,65,31,2
7/13/2010,31.2,14.8,0,75,32,2
7/14/2010,36.9,18.5,0,64,20,1
7/15/2010,39.5,22,0,70,19,4
7/16/2010,40.2,25.1,0,75,32,4
7/17/2010,38.2,26.6,29,75,47,4
7/18/2010,32.9,24.4,425.1,90,72,1
7/19/2010,31.5,24.2,284.5,91,77,1
7/20/2010,32,23.3,245.6,89,72,4
7/21/2010,36.3,21.9,0,71,37,5
7/22/2010,34.4,20.2,0,61,34,17
7/23/2010,30.9,13.3,0,65,36,6
7/24/2010,29.8,13.7,0,70,40,12
7/25/2010,32.1,16.8,0,74,38,3
7/26/2010,36.2,20.1,0,64,30,2
7/27/2010,36,23.5,0,75,48,2
7/28/2010,34.5,27.4,0,71,67,5
7/29/2010,33.8,28,52.8,78,72,1
7/30/2010,31.2,26.5,332.6,88,82,4
7/31/2010,29.9,25.8,512.6,92,86,4
8/1/2010,30.8,25.6,318.9,87,79,6
8/2/2010,35.3,24.2,0,73,51,14
8/3/2010,35.2,21.2,0,62,46,17
8/4/2010,32,16.8,0,75,48,10
8/5/2010,29.4,12.5,0,73,40,0
8/6/2010,32.3,16.2,0,70,32,0
8/7/2010,37.3,20.1,0,57,25,0
8/8/2010,40.1,24.8,0,58,21,0
8/9/2010,39.9,27.3,0,65,35,0
8/10/2010,37.6,28.3,37.6,72,52,0
8/11/2010,33.3,26.2,413.2,87,75,2
8/12/2010,30.9,25.5,678.5,92,84,0
8/13/2010,32.1,25.2,160.4,88,72,9
8/14/2010,36.4,23.1,0,71,41,17
8/15/2010,35.1,19.8,0,69,40,11
8/16/2010,31.1,15,0,79,46,4
8/17/2010,30.5,11.9,0,75,48,0
8/18/2010,32.3,14.5,1,73,51,1
8/19/2010,35.9,17.6,0,66,43,0
8/20/2010,34.6,21.7,0,75,61,0
8/21/2010,34.4,24.8,0,75,69,0
8/22/2010,33.5,24.7,86,79,73,0
8/23/2010,31,23.2,531,89,84,0
8/24/2010,29.9,22.6,896.6,91,85,1
8/25/2010,30.9,22,321,90,81,1
8/26/2010,34.9,20.8,5,77,62,0
8/27/2010,35.3,17.6,0,65,55,2
8/28/2010,33,14.2,0,75,59,0
8/29/2010,26.6,11.8,0,64,36,15
8/30/2010,29.7,13,0,56,28,15
8/31/2010,35.1,17.9,0,55,24,15
9/1/2010,39.1,24.8,3,61,30,21
9/2/2010,41.3,27,0,69,29,13
9/3/2010,39.5,27.8,37.3,71,43,20
9/4/2010,34.9,26.9,70.6,82,61,55
9/5/2010,32.5,25.5,248.2,85,72,188
9/6/2010,32.8,24.7,248.5,87,72,249
9/7/2010,35.8,20.9,0,62,43,375
9/8/2010,32.3,14.7,0,59,40,267
9/9/2010,29.9,14.5,0,68,44,70
9/10/2010,27.9,10.7,0,59,31,2
9/11/2010,31.4,12.8,0,50,19,0
9/12/2010,36.3,17.7,0,51,16,0
9/13/2010,40,23.7,0,69,28,0
9/14/2010,40.6,25.6,0,71,29,0
9/15/2010,37.6,26.9,20.5,77,57,1
9/16/2010,33.8,26.2,70,81,66,0
9/17/2010,32.8,25.1,94.3,82,66,1
9/18/2010,32.5,24.2,179.3,86,65,1
9/19/2010,35.6,21.2,38,69,34,14
9/20/2010,33.1,15.4,0,56,23,33
9/21/2010,31.6,15,0,58,27,9
9/22/2010,26.6,12.9,0,61,35,2
9/23/2010,29.6,14.7,0,50,25,0
9/24/2010,34.4,19.4,0,46,20,0
9/25/2010,37.8,24.6,0,49,28,2
9/26/2010,38.9,26.7,6.4,65,43,2
9/27/2010,38.5,27.6,85,68,47,5
9/28/2010,35.1,26.6,94.2,78,61,1
9/29/2010,33.7,25.6,50.5,80,67,13
9/30/2010,32.9,24.8,160,84,67,43
10/1/2010,35.4,22.6,6.7,63,36,76
10/2/2010,32,17.2,0,53,31,124
10/3/2010,29.5,16.2,0,63,41,23
10/4/2010,25.6,10.9,0,75,45,0
10/5/2010,28.2,11.7,0,65,35,1
10/6/2010,35.3,17.4,0,65,20,0
10/7/2010,39.2,22.4,0,72,29,2
10/8/2010,38.5,24.6,0,75,40,4
10/9/2010,36.5,26.3,0,74,52,1
10/10/2010,34.8,25.7,2.2,78,59,1
10/11/2010,33.5,24.6,0.2,80,58,1
10/12/2010,33.4,23.5,213.6,89,68,0
10/13/2010,36.8,22,0,73,29,30
10/14/2010,34.1,19.1,0,64,26,11
10/15/2010,29.8,15.2,0.5,66,30,3
10/16/2010,26.2,15,0,71,49,1
10/17/2010,26.4,15.4,0,70,52,0
10/18/2010,27.6,20.6,0,86,71,0
10/19/2010,30.7,25,0,87,75,0
10/20/2010,31.8,26.8,0,87,78,1
10/21/2010,32.4,28.3,20,86,81,0
10/22/2010,31.3,27.5,10.8,85,80,2
10/23/2010,30.4,26,26.4,74,72,2
10/24/2010,30,26.1,414.1,81,77,2
10/25/2010,32.3,24.5,0,77,60,24
10/26/2010,31.7,21.2,0,84,56,21
10/27/2010,29.1,18.8,2.8,79,53,13
10/28/2010,27.9,12.8,0,63,38,0
10/29/2010,29.9,14.1,0,60,35,0
10/30/2010,32.8,17.4,0,75,47,0
10/31/2010,34.2,23.1,0,81,59,0
11/1/2010,33.3,25.8,0,75,70,0
11/2/2010,34.2,28.2,8.4,75,69,1
11/3/2010,32.9,27.2,34,81,74,0
11/4/2010,31.6,26.2,24.6,85,78,1
11/5/2010,31.3,25.2,150.6,85,77,1
11/6/2010,35.5,22,0,74,51,4
11/7/2010,33.7,17.3,0,64,44,116
11/8/2010,31.5,16.8,0,61,38,11
11/9/2010,27.4,11.3,0,69,38,1
11/10/2010,30.4,13.3,0,57,26,1
11/11/2010,35.6,18.4,0,70,21,2
11/12/2010,39.8,23.6,0.2,76,22,1
11/13/2010,41,25.5,0,76,32,2
11/14/2010,38.5,26.8,40.4,77,47,2
11/15/2010,34.5,25.9,82.6,84,64,1
11/16/2010,33.1,25,27.6,85,64,3
11/17/2010,33.1,24.1,265,92,70,7
11/18/2010,36.6,22.7,0,72,31,40
11/19/2010,33.4,17.5,0,59,29,75
11/20/2010,31.1,15.8,0,63,32,40
11/21/2010,28.3,13.9,0,72,40,3
11/22/2010,31.5,15.6,0,66,31,0
11/23/2010,35.4,19.4,0,66,30,1
11/24/2010,36.3,25.2,0,72,43,0
11/25/2010,34.9,27.5,0,73,65,1
11/26/2010,33.8,28,84.7,78,69,1
11/27/2010,31.6,27,143.3,87,81,3
11/28/2010,30.6,26.5,111.2,87,82,22
11/29/2010,30.8,25.7,487.2,91,78,55
11/30/2010,35.7,24,8.6,79,55,74
12/1/2010,34.9,18.7,0,70,39,47
12/2/2010,33.1,18.3,0,70,45,10
12/3/2010,27.8,12.2,0,77,42,0
12/4/2010,30.9,13.9,0,70,36,0
12/5/2010,35.6,18.3,0,59,29,0
12/6/2010,39,25.4,0,61,30,0
12/7/2010,39.9,27.3,0,65,33,0
12/8/2010,38.1,27.9,19.2,74,49,1
12/9/2010,33.8,26.3,271.3,86,72,2
12/10/2010,31.7,25.8,280.7,89,75,5
12/11/2010,31.8,25.2,318.4,87,72,18
12/12/2010,36.1,22.9,0,71,43,30
12/13/2010,33.4,16.3,0,64,35,42
12/14/2010,31.2,15.4,0,69,39,14
12/15/2010,29.7,11,0,73,50,1
12/16/2010,32.8,12.9,0,65,41,0
12/17/2010,34.4,15.7,0,64,41,0
12/18/2010,35.2,21.2,0,73,57,0
12/19/2010,34.2,23.6,0,74,68,0
12/20/2010,33.6,24.2,164,79,72,0
12/21/2010,31.4,22.8,299,86,80,2
12/22/2010,30.7,22.3,214,87,81,3
12/23/2010,31,21.3,667,88,81,0
12/24/2010,34.8,19.8,31,79,64,22
12/25/2010,33.5,14.3,0,72,55,24
12/26/2010,32.6,13.7,0,77,58,1
12/27/2010,27.2,11.6,0,59,32,34
12/28/2010,30.5,16.1,0.2,58,29,29
12/29/2010,35.8,19.4,0,46,21,24
12/30/2010,38.6,23.9,5.5,53,23,44
12/31/2010,42.2,27.1,0,60,23,62
1/1/2011,36.8,27,107.5,76,55,33
1/2/2011,32.1,25.2,468.5,89,77,99
1/3/2011,31.7,25.1,173.7,87,73,323
1/4/2011,34.4,25.3,193.5,84,65,511
1/5/2011,33.7,22.3,63.3,76,60,230
1/6/2011,31.7,17.2,0,62,44,132
1/7/2011,29.2,13.1,0,69,43,66
1/8/2011,29.2,11.8,0,50,21,2
1/9/2011,32.6,15.2,0,53,22,1
1/10/2011,37,20.2,0,50,17,1
1/11/2011,38.6,23.1,32.5,67,27,5
1/12/2011,41.8,26,2,68,24,4
1/13/2011,35.1,25.9,167,82,65,4
1/14/2011,30.7,25,236.2,87,81,16
1/15/2011,30.9,23.9,175.8,85,74,41
1/16/2011,32.4,23.9,139.8,85,67,41
1/17/2011,33.6,22.3,42.8,79,52,16
1/18/2011,32,17.2,0,66,36,69
1/19/2011,29.4,12,0,69,34,79
1/20/2011,26.7,12.9,0,62,43,11
1/21/2011,30.8,16.5,0,61,34,2
1/22/2011,35.3,20.9,0,44,20,5
1/23/2011,37.2,24.3,61.6,54,32,4
1/24/2011,39.7,26.7,0,60,42,5
1/25/2011,35.2,26.4,209.4,78,68,1
1/26/2011,32,25.3,227.7,87,80,11
1/27/2011,31.8,24.3,263.6,86,75,30
1/28/2011,33.4,24.6,398.3,83,67,102
1/29/2011,33.5,23.8,67.8,79,56,93
1/30/2011,31.5,19.4,0,65,42,50
1/31/2011,28.6,15.3,0,66,44,13
2/1/2011,27.9,12.3,13.8,66,27,5
2/2/2011,30.3,15.3,2.3,69,26,1
2/3/2011,35.9,20.1,0,64,20,0
2/4/2011,37.4,23.1,46.2,75,33,1
2/5/2011,39.2,25.9,0,76,36,0
2/6/2011,37.3,27.3,38,81,51,0
2/7/2011,33.1,26.1,57.2,86,68,5
2/8/2011,32.9,25.1,31.5,84,62,26
2/9/2011,35.7,24.6,367.1,83,55,133
2/10/2011,35.6,23.9,2.3,79,45,116
2/11/2011,32.9,18.2,0,67,31,120
2/12/2011,29.4,14.4,0,70,33,62
2/13/2011,26.5,15.5,3,79,45,3
2/14/2011,27.6,17.6,0.8,76,56,1
2/15/2011,30.2,21.4,0,79,69,0
2/16/2011,30.1,24.8,0,78,76,3
2/17/2011,31.9,26.7,0,78,77,2
2/18/2011,32.9,27.8,52.2,81,79,4
2/19/2011,30.5,26.3,67.2,85,83,5
2/20/2011,29.8,25.4,81.2,82,79,15
2/21/2011,30,24.9,242.8,86,79,68
2/22/2011,31.4,24.6,8.4,84,70,91
2/23/2011,31.1,20.2,0,73,47,83
2/24/2011,27.9,16.6,0,72,43,31
2/25/2011,29.2,13,0,56,33,8
2/26/2011,30.4,15.8,0,64,39,0
2/27/2011,34.1,19.5,0,64,43,1
2/28/2011,33.2,22.7,0,77,58,1
3/1/2011,34,26.1,0,79,68,0
3/2/2011,33.1,27.1,288.7,79,76,0
3/3/2011,30.6,25.8,279.1,85,81,1
3/4/2011,29.8,25,182.2,85,79,7
3/5/2011,31.2,24.7,193,87,76,11
3/6/2011,33.3,23,26.4,87,64,13
3/7/2011,32.7,18.6,0,68,42,3
3/8/2011,29.8,14.1,0,72,38,0
3/9/2011,28.8,12.2,0,61,30,18
3/10/2011,31.9,15.6,0,65,30,4
3/11/2011,36.7,20,0,65,25,3
3/12/2011,38.4,23,26.9,76,27,12
3/13/2011,41.4,25.7,0,75,25,18
3/14/2011,36.4,26.1,213.1,84,61,6
3/15/2011,31.2,24.8,191.7,90,83,34
3/16/2011,31.1,23.8,169.6,91,75,144
3/17/2011,33.5,23.8,666.4,90,65,467
3/18/2011,34.3,22.8,68.2,84,50,261
3/19/2011,32.7,18.3,0,65,35,119
3/20/2011,29.4,13,0,70,36,27
3/21/2011,31,14.5,0,72,36,2
3/22/2011,32.8,18.3,0,72,36,0
3/23/2011,35.7,21.5,0,63,29,1
3/24/2011,35.8,24.3,2.4,69,42,5
3/25/2011,35,27.8,0,73,65,7
3/26/2011,31.8,26.4,761.4,86,79,3
3/27/2011,29.7,25.8,641.1,90,86,28
3/28/2011,29.7,25.4,302,88,82,38
3/29/2011,32.1,25.6,85.5,86,73,66
3/30/2011,33.1,24.4,12.1,81,60,73
3/31/2011,33.4,21,0,69,44,99
4/1/2011,30.9,16.7,0,74,46,47
4/2/2011,28.7,12.6,0,71,38,2
4/3/2011,31.9,16.5,0,71,36,4
4/4/2011,36.3,20.1,0,52,26,0
4/5/2011,38.2,24.8,4,54,29,4
4/6/2011,40.7,27.9,0,67,30,1
4/7/2011,35.3,26.9,171,79,62,6
4/8/2011,30.8,25.5,463.7,91,84,23
4/9/2011,30.9,25.2,362.8,88,74,53
4/10/2011,33.1,25.3,508.6,84,66,105
4/11/2011,33.7,23.5,75.9,80,58,76
4/12/2011,32.8,18.6,0,69,41,75
4/13/2011,29.8,14.7,0,74,44,12
4/14/2011,30.6,10.8,0,73,54,3
4/15/2011,31.8,14.3,0,73,50,1
4/16/2011,34.5,16.5,0,68,47,0
4/17/2011,34.1,19.9,1,73,55,1
4/18/2011,35.3,23.8,0,70,66,0
4/19/2011,32.1,22.1,770,85,81,2
4/20/2011,29.9,21.3,1190,91,87,6
4/21/2011,30,21.2,387,90,84,17
4/22/2011,31.2,21,749,90,82,30
4/23/2011,33.7,20.2,3,83,68,35
4/24/2011,34.6,16.4,0,77,59,9
4/25/2011,32,12.8,0,77,60,2
4/26/2011,26.4,12.6,5.8,74,43,10
4/27/2011,29.8,14.9,0,63,29,1
4/28/2011,34.5,18.8,0,52,25,5
4/29/2011,39.3,23.7,11.4,54,23,3
4/30/2011,41.4,27,0.4,59,28,5
5/1/2011,41.2,28.3,1,65,38,6
5/2/2011,35.9,26.3,607.9,80,58,27
5/3/2011,33.5,25.2,104.8,87,74,34
5/4/2011,32.4,24.9,198.5,88,73,61
5/5/2011,36.3,22.6,1.1,67,48,122
5/6/2011,33.9,19.6,1,63,47,224
5/7/2011,28.5,13.5,0,60,33,187
5/8/2011,27.6,11.5,0.6,70,35,5
5/9/2011,30.8,14.4,0,68,29,1
5/10/2011,35.5,18.1,0,58,20,1
5/11/2011,39.8,23.2,0,65,19,3
5/12/2011,41.4,26.1,3.2,72,29,0
5/13/2011,39,27.1,1.4,78,44,0
5/14/2011,33.7,25.8,354,84,69,0
5/15/2011,32,24.7,173.3,85,74,1
5/16/2011,32.3,23.9,99.8,84,68,0
5/17/2011,35.7,22,18.4,74,41,7
5/18/2011,34.3,19.7,0.4,73,40,5
5/19/2011,29.7,13.3,0,59,26,7
5/20/2011,26.3,14,9.2,72,49,0
5/21/2011,29.7,16.8,0,62,37,0
5/22/2011,34,20.7,0,53,27,0
5/23/2011,38.2,25.2,0,49,25,0
5/24/2011,39.8,27.3,0,60,38,2
5/25/2011,39.7,28.5,5.4,67,44,0
5/26/2011,35.3,26.8,303.9,77,63,0
5/27/2011,33.4,25.8,175.8,82,69,0
5/28/2011,33,25.1,97,83,70,5
5/29/2011,36.2,24.1,0,65,38,18
5/30/2011,33.8,21.8,0,67,45,11
5/31/2011,28.5,14.7,0,66,44,4
6/1/2011,26.2,11.2,0,61,29,6
6/2/2011,30.1,15.1,0,67,27,3
6/3/2011,34.9,19.2,0,66,27,1
6/4/2011,39.3,23.4,0,75,32,12
6/5/2011,39.9,26,0,71,34,31
6/6/2011,38.3,27.5,10.6,74,47,13
6/7/2011,35.1,26.6,104.2,77,57,16
6/8/2011,33.5,25.2,63.4,84,64,20
6/9/2011,33.4,24.1,44,84,56,70
6/10/2011,38.2,24.1,0.8,64,30,88
6/11/2011,35.4,20.3,0,62,33,76
6/12/2011,30,12.8,0,61,36,29
6/13/2011,25.4,14,0,68,44,2
6/14/2011,26.8,17.3,0,75,59,0
6/15/2011,29.7,21.1,0,75,66,1
6/16/2011,30.3,25,0,83,76,1
6/17/2011,32.3,27.4,0,83,76,1
6/18/2011,33.2,28.7,8.9,83,80,1
6/19/2011,32,28,91.1,83,79,2
6/20/2011,30.2,26.6,591.2,83,79,1
6/21/2011,30.6,26,199.8,82,77,1
6/22/2011,32.6,25.1,0,80,75,2
6/23/2011,32.5,23.4,0.2,73,64,3
6/24/2011,28.6,17.1,0,66,35,1
6/25/2011,27.8,13.1,0,65,36,0
6/26/2011,30.1,14.8,1.8,72,42,0
6/27/2011,32.6,18.8,0,66,40,0
6/28/2011,34,22.2,0,79,53,0
6/29/2011,34.8,25.8,0,75,63,0
6/30/2011,34.3,28.2,76.2,74,68,0
7/1/2011,32.7,27.6,141,79,75,0
7/2/2011,30.8,25.5,323.9,86,79,0
7/3/2011,31.1,24.8,215.9,88,73,0
7/4/2011,35.1,23,9.7,79,55,3
7/5/2011,34.1,21.1,0,72,52,1
7/6/2011,30.4,14.3,0,59,26,0
7/7/2011,27.8,13.1,0,65,36,2
7/8/2011,29.9,15,0,68,31,2
7/9/2011,35,18.8,0,61,20,4
7/10/2011,39.3,22.5,6.4,76,21,3
7/11/2011,41.4,25.5,20.7,74,28,1
7/12/2011,40,27,5.6,74,38,6
7/13/2011,34.8,25.6,168.7,84,68,3
7/14/2011,32.2,24.2,123.8,90,73,1
7/15/2011,32.6,23.7,105.4,89,65,6
7/16/2011,36.6,23,16,74,39,24
7/17/2011,34.5,20.6,15.1,72,38,43
7/18/2011,29.7,13.2,0,67,36,25
7/19/2011,28.9,16.4,13.4,76,46,10
7/20/2011,30.7,18.4,1.8,70,40,3
7/21/2011,34.3,21.3,0,69,32,3
7/22/2011,36.5,25,0,70,43,4
7/23/2011,35.8,27.7,0.4,71,59,3
7/24/2011,34.2,28.8,22.7,76,68,8
7/25/2011,31.9,26.8,398.9,86,79,16
7/26/2011,31.2,26.3,158.5,87,78,50
7/27/2011,31.8,25.8,216.8,86,74,91
7/28/2011,36.3,25,4.5,71,51,98
7/29/2011,34.8,22.4,0,68,47,80
7/30/2011,30.8,16.7,0,64,41,42
7/31/2011,27.3,14.1,39.2,79,48,2
8/1/2011,30.2,16.6,1.2,71,36,1
8/2/2011,35,20.1,0,57,27,1
8/3/2011,39.2,24.8,0,58,27,1
8/4/2011,40.6,27.7,0.8,61,28,2
8/5/2011,38.4,28.6,12,71,44,3
8/6/2011,34.5,27,570.7,81,65,1
8/7/2011,32.7,25.8,173.7,86,72,23
8/8/2011,32.2,25.4,332,85,69,52
8/9/2011,36.7,23.8,0,67,42,86
8/10/2011,34.2,20.8,25,70,45,53
8/11/2011,29.7,14,0,70,37,15
8/12/2011,29.1,12.3,3,77,57,1
8/13/2011,30.9,13.5,0,76,54,0
8/14/2011,33.2,16.4,0,69,49,0
8/15/2011,34.8,19.8,0,74,57,1
8/16/2011,35.6,22.9,0,72,64,2
8/17/2011,34.8,24.1,76,75,70,9
8/18/2011,30.8,21.6,1220,89,82,29
8/19/2011,30.6,21.2,538,88,82,19
8/20/2011,31.9,20.9,213,86,76,3
8/21/2011,34.5,20.4,1,75,61,6
8/22/2011,33.1,18,0,74,60,7
8/23/2011,30,13.2,0,71,56,0
8/24/2011,26.7,12.7,7.6,73,40,37
8/25/2011,31.8,16.1,0,61,28,14
8/26/2011,34.4,19.8,7.1,53,28,14
8/27/2011,39,24.5,22.1,56,24,18
8/28/2011,42.6,27.7,6.7,62,22,17
8/29/2011,38.5,28,135.5,68,49,27
8/30/2011,34.9,27.1,317.5,79,59,99
8/31/2011,33.9,26.2,19.1,81,60,187
9/1/2011,35.1,25.5,79.2,76,55,333
9/2/2011,37,22.7,0,60,42,411
9/3/2011,33.9,18.6,0,56,41,141
9/4/2011,29.8,12.9,0,52,34,57
9/5/2011,28.4,12.3,0,67,32,0
9/6/2011,33.6,16.3,0,62,19,1
9/7/2011,35.6,19.4,16,58,24,2
9/8/2011,39.6,23.8,3.8,73,25,5
9/9/2011,42.6,26.3,11.4,70,23,0
9/10/2011,35.7,26.3,289.8,79,63,1
9/11/2011,33.4,26.2,184.6,82,67,7
9/12/2011,32.6,25,41.2,84,66,6
9/13/2011,33.3,23.4,200.6,84,59,32
9/14/2011,36.8,23.4,0,70,34,38
9/15/2011,34.3,19.1,0,59,31,25
9/16/2011,30.7,12.5,0,56,21,31
9/17/2011,26.6,13.7,0.3,74,45,0
9/18/2011,31,17.4,0,61,35,6
9/19/2011,33.7,21.3,37.4,55,30,2
9/20/2011,37.6,24.5,0.8,56,36,5
9/21/2011,40.6,27.7,0.6,56,35,2
9/22/2011,36.3,27.3,316.7,75,61,1
9/23/2011,34.8,27,89.9,77,64,4
9/24/2011,34.1,25.8,51.2,80,67,7
9/25/2011,34.4,25.1,103.6,80,63,2
9/26/2011,36.3,24.7,0,62,39,19
9/27/2011,33.2,21,0,56,37,16
9/28/2011,29.2,14.9,0,58,35,6
9/29/2011,28.4,11.8,0,68,29,5
9/30/2011,32.8,16.1,0,73,28,2
10/1/2011,34.8,19.8,6.3,65,25,1
10/2/2011,39.3,24.6,0,67,29,7
10/3/2011,40.6,26.1,0,74,32,42
10/4/2011,38.4,27.4,34.5,75,50,40
10/5/2011,34.3,26.5,487.8,80,63,41
10/6/2011,33,25.6,1.3,81,62,17
10/7/2011,35.1,24.4,25.4,81,50,62
10/8/2011,38.3,23.7,0,72,33,108
10/9/2011,34.1,19.3,0,64,35,41
10/10/2011,29.7,13.4,0,60,24,13
10/11/2011,26.5,16.4,3.8,76,50,3
10/12/2011,28.2,19.4,0,76,65,1
10/13/2011,28.7,21,12.2,75,64,1
10/14/2011,31.8,25.3,0,84,76,1
10/15/2011,32.7,27.1,0,87,81,2
10/16/2011,33.4,27.7,267.6,84,81,3
10/17/2011,31,27,132.3,88,86,2
10/18/2011,30.7,26.1,7.9,85,81,5
10/19/2011,31.5,25.8,33.3,81,74,17
10/20/2011,33.4,25.7,0,79,68,32
10/21/2011,32.5,22.3,0,67,47,24
10/22/2011,28.7,16.8,0,67,39,26
10/23/2011,28.6,13.3,0,68,37,0
10/24/2011,31.1,15.8,0,73,45,0
10/25/2011,33,19.3,20.9,66,42,0
10/26/2011,34.3,23.5,0,75,56,0
10/27/2011,35.2,26,0,75,62,1
10/28/2011,34.6,27.5,146.7,76,71,0
10/29/2011,32.3,27.4,106.4,81,76,0
10/30/2011,31.8,26.5,9.5,82,76,2
10/31/2011,32.8,25.2,71.6,79,70,1
11/1/2011,37,24.2,0,71,48,4
11/2/2011,35.2,20.8,0,55,41,4
11/3/2011,31.4,14.7,0,60,36,3
11/4/2011,28.1,12.6,6.2,70,34,6
11/5/2011,32.8,16.3,0,76,26,10
11/6/2011,35.4,20,1.1,64,24,4
11/7/2011,40.3,24.6,0,73,21,7
11/8/2011,42.7,26.3,6,74,23,115
11/9/2011,37.2,26.4,441.6,79,60,8
11/10/2011,34.2,26.2,227.1,83,62,12
11/11/2011,33.2,25.2,9.5,86,63,22
11/12/2011,34.4,24.3,123.7,86,55,122
11/13/2011,37.2,24,0,72,36,245
11/14/2011,34.4,19.5,0,60,34,148
11/15/2011,30.6,13.5,0,58,28,47
11/16/2011,29,14.9,0,79,43,9
11/17/2011,32.8,18.1,0,77,37,4
11/18/2011,34.6,21.5,0.2,63,36,8
11/19/2011,34.6,25.5,8.2,75,57,1
11/20/2011,36.5,28.2,0,73,58,5
11/21/2011,32.9,26.9,525.8,83,74,10
11/22/2011,31.6,27.3,154.7,84,79,45
11/23/2011,31.9,26.7,57.3,84,74,133
11/24/2011,32.3,25.4,402.3,85,69,184
11/25/2011,36.4,25.6,0.2,73,50,78
11/26/2011,35,22.4,0,68,46,79
11/27/2011,31.7,16.1,0,64,39,33
11/28/2011,28,13.6,0,74,39,2
11/29/2011,32.4,17.2,0,67,34,3
11/30/2011,35.3,21,0,55,29,3
12/1/2011,38.2,25.3,6.9,66,30,4
12/2/2011,41.4,27.7,0,62,29,3
12/3/2011,36.9,27.4,175.1,75,54,5
12/4/2011,33.6,27,180.6,81,64,22
12/5/2011,33.7,26.4,22.7,81,63,44
12/6/2011,34.3,25.6,71.9,78,58,153
12/7/2011,37.9,24.3,0,67,36,150
12/8/2011,34.7,20.2,26,63,41,70
12/9/2011,31,14,0,65,33,42
12/10/2011,28,11.4,0,75,59,0
12/11/2011,30.8,13.7,0,72,53,1
12/12/2011,32.6,17,0,68,53,0
12/13/2011,34.3,20.2,0,77,66,0
12/14/2011,36.6,23,0,77,65,0
12/15/2011,33,21.7,397,85,78,1
12/16/2011,31.1,22.4,386,87,82,2
12/17/2011,32,21.6,183,88,80,6
12/18/2011,32.2,20.8,223,91,78,20
12/19/2011,34.6,22.4,50,87,74,36
12/20/2011,32.2,17.5,0,78,62,2
12/21/2011,29.7,11.8,0,73,55,3
12/22/2011,30,12.4,0,71,35,22
12/23/2011,31.5,15.2,0,51,26,12
12/24/2011,36.8,21.3,4.4,48,20,27
12/25/2011,39.3,25.3,0,57,20,38
12/26/2011,42.8,28.7,0,59,24,68
12/27/2011,40.4,28.8,18.9,66,38,24
12/28/2011,33.9,26.5,145.9,82,69,54
12/29/2011,31.7,25.2,367.2,88,76,100
12/30/2011,34,24.8,74.9,83,61,413
12/31/2011,33.7,22,99.4,77,54,706
1/1/2012,33.6,14.9,0,60,39,273
1/2/2012,31.3,13.6,0,63,35,105
1/3/2012,30.9,12.6,0,68,24,7
1/4/2012,32.5,15.7,0,53,23,1
1/5/2012,37.9,21.2,0,57,17,8
1/6/2012,39.8,24,0,70,18,5
1/7/2012,41.8,26.2,22.6,72,27,11
1/8/2012,38.5,27.3,43.6,75,49,4
1/9/2012,32.7,25.6,149.6,84,72,1
1/10/2012,30.6,24.9,140.6,86,78,1
1/11/2012,32.2,23.4,199.6,86,66,4
1/12/2012,33,21.5,124,82,55,13
1/13/2012,33.6,14.8,0,60,24,10
1/14/2012,32.4,13.8,0,68,25,7
1/15/2012,29.2,15.2,0,62,33,1
1/16/2012,30.8,17.4,0,54,33,2
1/17/2012,36,23.2,0.8,51,28,3
1/18/2012,37.6,25.8,0,53,32,4
1/19/2012,40.6,28.2,2.4,62,40,7
1/20/2012,38.7,29,14.9,67,46,1
1/21/2012,33.8,26.4,235.6,82,69,0
1/22/2012,32.2,25.4,180.9,85,73,3
1/23/2012,33.3,24.7,202.9,83,69,17
1/24/2012,32.7,22.6,27,80,53,49
1/25/2012,32.1,17.7,0,60,33,25
1/26/2012,29.9,15.7,0,68,37,11
1/27/2012,30.5,14.7,0,79,33,1
1/28/2012,31.8,15.9,0,62,30,0
1/29/2012,36.6,21.1,0,73,27,7
1/30/2012,38.3,23,0,79,31,10
1/31/2012,39.8,26.4,20.2,75,40,7
2/1/2012,37.9,27.4,2.6,75,50,4
2/2/2012,34.6,26.4,26.9,82,63,1
2/3/2012,31.9,25.1,148.1,86,72,1
2/4/2012,34.6,24.4,0,83,57,17
2/5/2012,35.6,22.8,59.9,83,50,33
2/6/2012,35.4,18.8,0,65,42,37
2/7/2012,33.3,16.3,0,68,30,34
2/8/2012,27.6,17,0,78,57,12
2/9/2012,28.1,19,0,66,52,5
2/10/2012,30.1,23.2,2,81,73,3
2/11/2012,30.5,25.4,0,80,73,5
2/12/2012,32.4,27.9,0,83,78,11
2/13/2012,32.5,28.6,49.2,79,75,11
2/14/2012,30.9,27.5,72.4,82,78,6
2/15/2012,29.3,26,208.2,88,84,6
2/16/2012,30.5,26,3.6,83,77,39
2/17/2012,30.4,24.4,1.5,82,74,67
2/18/2012,31.1,20.5,0,71,53,53
2/19/2012,29.7,18.9,0,77,51,52
2/20/2012,30.6,13.9,0,78,51,2
2/21/2012,31.8,16.8,0,61,38,1
2/22/2012,34.3,21.4,0,73,50,2
2/23/2012,33.4,23.2,0,78,57,2
2/24/2012,34.6,27.3,0.2,75,68,4
2/25/2012,34.4,28.7,98.1,76,72,2
2/26/2012,31.3,26.9,164.3,86,83,9
2/27/2012,29.7,26.1,196,89,84,0
2/28/2012,31.5,25.5,27.9,82,70,26
2/29/2012,32.3,22.3,44.4,86,63,10
3/1/2012,34,17.1,0,71,39,12
3/2/2012,32.3,15.8,0,71,46,3
3/3/2012,30.2,14.2,0,72,30,9
3/4/2012,31.9,15.9,0,59,24,1
3/5/2012,37.1,21.2,0,66,21,6
3/6/2012,39.2,23.5,0,78,21,20
3/7/2012,42.1,26.7,0,73,25,23
3/8/2012,39.1,27.2,91.8,73,47,23
3/9/2012,33,25.6,226.5,86,72,9
3/10/2012,31.3,24.7,275.4,91,74,41
3/11/2012,33.7,24.1,34.4,85,59,130
3/12/2012,33.7,22.5,58,82,47,264
3/13/2012,34.6,17.4,0,59,26,242
3/14/2012,32.7,15.5,0,65,28,60
3/15/2012,31.2,15.8,0,75,34,4
3/16/2012,32.1,18.2,0,72,37,1
3/17/2012,36.5,22.9,3.4,74,32,4
3/18/2012,37.1,25.5,0,68,40,6
3/19/2012,35.5,28.6,0,75,66,8
3/20/2012,34.4,28.6,107.3,80,72,14
3/21/2012,30.9,26.5,489.1,88,82,43
3/22/2012,30.4,26.3,183.7,86,82,131
3/23/2012,31.4,25.5,145.3,85,75,199
3/24/2012,32.7,23.3,177.4,82,62,234
3/25/2012,33.9,18.2,0,63,38,141
3/26/2012,32.4,16.9,0,65,39,47
3/27/2012,30.7,13.9,0,71,37,6
3/28/2012,32.7,16.4,0,64,35,3
3/29/2012,37.6,22.3,0,52,27,0
3/30/2012,39.2,25.8,0,52,24,3
3/31/2012,41.1,28.4,0,63,32,1
4/1/2012,38.9,28.8,66.8,68,43,5
4/2/2012,33.1,26.2,172.2,84,68,18
4/3/2012,31.1,25.4,313,87,74,76
4/4/2012,33,25.4,129.8,80,60,495
4/5/2012,33.3,22.5,23.4,79,51,661
4/6/2012,33.1,14.9,0,67,34,371
4/7/2012,31.5,12.5,0,69,34,56
4/8/2012,29.7,12.6,0,68,33,11
4/9/2012,33.3,16.2,0,58,27,10
4/10/2012,36.4,20.2,0,51,22,13
4/11/2012,39.4,24.4,0,54,23,5
4/12/2012,41,28.1,1.8,60,25,4
4/13/2012,37.4,27.6,191.1,73,51,1
4/14/2012,31.4,25.9,532.1,86,78,19
4/15/2012,32.1,25.9,231.8,83,69,109
4/16/2012,33.6,25.9,39.1,80,62,111
4/17/2012,36.3,22.9,1.6,70,38,161
4/18/2012,32.8,16.3,0,66,36,143
4/19/2012,29,15,20.6,69,42,51
4/20/2012,28.6,13.5,0,65,34,41
4/21/2012,32.2,15.8,0,51,24,21
4/22/2012,36.2,19.9,0,43,18,23
4/23/2012,40,23.5,0,51,20,28
4/24/2012,42.3,27.5,2.2,60,26,15
4/25/2012,39.2,27.6,102.1,73,49,33
4/26/2012,31.3,24.7,821,91,78,70
4/27/2012,33.2,25.2,120.9,88,71,122
4/28/2012,34.1,24.8,102.7,83,66,186
4/29/2012,37.2,21.5,0,63,41,264
4/30/2012,32.4,16.1,0,64,51,149
5/1/2012,27.5,14.6,12,65,49,52
5/2/2012,30.3,12.3,0,69,27,2
5/3/2012,33.9,15.4,0,57,20,5
5/4/2012,37.2,19.5,0,53,14,0
5/5/2012,40.7,23.1,0,60,17,3
5/6/2012,41.9,26.6,0,70,24,4
5/7/2012,38,27.1,71.8,75,55,0
5/8/2012,31.8,25.4,380.6,84,74,1
5/9/2012,32,24.8,88.2,85,69,7
5/10/2012,32.9,24.2,100.4,82,63,10
5/11/2012,36,22,11.6,67,35,3
5/12/2012,33,15.5,0,51,28,4
5/13/2012,29.2,13.9,3.2,60,35,5
5/14/2012,28.3,15,0,66,36,5
5/15/2012,31.8,17.4,0,54,27,5
5/16/2012,35.3,21.9,0,40,22,1
5/17/2012,38.9,24.1,0,52,29,2
5/18/2012,39.8,27.8,0,60,39,6
5/19/2012,37.8,28.1,84.4,72,54,5
5/20/2012,32.9,25.9,301.5,83,75,4
5/21/2012,32.8,25.3,319.6,86,73,16
5/22/2012,33.7,25.6,67.8,84,68,24
5/23/2012,35.9,23.7,1,68,40,12
5/24/2012,32.3,18.3,0,59,34,12
5/25/2012,27.5,16.3,9.8,71,50,1
5/26/2012,29,12.9,0,68,31,13
5/27/2012,33.2,16.2,0,62,24,3
5/28/2012,36.2,19.9,0,68,25,3
5/29/2012,39,23.4,0,68,27,10
5/30/2012,39.8,26,0,72,33,7
5/31/2012,37.7,27.5,26.4,74,51,10
6/1/2012,31.8,25.7,196,84,74,5
6/2/2012,32.7,25.2,80.2,85,66,22
6/3/2012,34.5,24,23.4,85,55,54
6/4/2012,39.2,23.2,0,69,26,95
6/5/2012,34,17.7,0,58,26,130
6/6/2012,29.8,13.6,0,64,33,29
6/7/2012,27,16.2,0,69,47,2
6/8/2012,28.7,18.2,0,76,60,0
6/9/2012,28.4,21.8,0,79,69,0
6/10/2012,32.2,24.8,0,77,72,1
6/11/2012,32.2,27.3,0,82,78,0
6/12/2012,33.8,28.6,42.2,81,76,0
6/13/2012,29.8,26.2,198.6,85,82,4
6/14/2012,30.4,26,156.2,86,81,2
6/15/2012,30.7,25.8,3.6,83,76,6
6/16/2012,31.6,25.6,0,83,71,7
6/17/2012,31.7,20.8,0,69,51,10
6/18/2012,28.4,17.8,0,68,46,1
6/19/2012,29.7,13.9,0,62,36,3
6/20/2012,32.6,16,0,64,32,0
6/21/2012,34.5,19.5,0,65,39,0
6/22/2012,35.3,23.7,0,68,52,1
6/23/2012,34.9,26.5,0,75,65,0
6/24/2012,34.8,28.4,203,76,69,1
6/25/2012,30.9,26.7,195,83,78,0
6/26/2012,30.4,26,172.2,86,79,0
6/27/2012,31.5,24.7,74.1,88,72,0
6/28/2012,35.7,23.1,0,82,50,4
6/29/2012,33.7,17.6,0,66,38,1
6/30/2012,30,16.3,0,63,40,1
7/1/2012,27.7,16.7,0,70,47,25
7/2/2012,33.3,16.3,0,57,22,8
7/3/2012,36.4,19.8,0,63,17,26
7/4/2012,40.5,23.6,0,64,18,12
7/5/2012,41.8,26.3,15.2,71,25,7
7/6/2012,37.8,26.9,248,76,56,24
7/7/2012,30.7,25.2,846.9,90,80,31
7/8/2012,32.3,24.9,198.2,87,67,65
7/9/2012,33.4,24.4,32.6,87,61,63
7/10/2012,37.1,23.5,0,77,34,107
7/11/2012,33.3,17.7,0,58,27,87
7/12/2012,29.2,15.1,2,64,35,23
7/13/2012,30.7,16,0,74,40,13
7/14/2012,33.6,18.7,0,65,34,3
7/15/2012,35.6,22,0,62,30,6
7/16/2012,36.3,25.1,0,66,47,3
7/17/2012,35.8,28.1,0.5,73,60,7
7/18/2012,33.8,27.5,302.6,81,72,9
7/19/2012,30.8,26.3,355.2,87,83,22
7/20/2012,30.9,26.2,383.8,86,79,63
7/21/2012,32.7,26.5,74.8,86,69,100
7/22/2012,35.3,24.2,32.7,78,53,116
7/23/2012,33.7,19.4,0,64,40,97
7/24/2012,29.6,18.1,12.9,68,49,37
7/25/2012,29.7,12.6,0,68,33,11
7/26/2012,33.3,16.2,0,58,27,10
7/27/2012,36.4,20.2,0,51,22,13
7/28/2012,39.4,24.4,0,54,23,5
7/29/2012,41,28.1,1.8,60,25,4
7/30/2012,37.4,27.6,191.1,73,51,1
7/31/2012,31.4,25.9,532.1,86,78,19
8/1/2012,32.1,25.9,231.8,83,69,109
8/2/2012,33.6,25.9,39.1,80,62,111
8/3/2012,36.3,22.9,1.6,70,38,161
8/4/2012,32.8,16.3,0,66,36,143
8/5/2012,29,15,20.6,69,42,51
8/6/2012,29.9,11.8,0,75,43,0
8/7/2012,31.8,15,0,74,42,2
8/8/2012,34.9,19.2,0,76,44,6
8/9/2012,35.9,19.8,0,75,53,0
8/10/2012,35.6,22.8,0,78,64,0
8/11/2012,33.3,21.9,560,84,72,5
8/12/2012,30.3,20.6,1108,89,83,15
8/13/2012,30.7,21,428,89,81,20
8/14/2012,32.1,21,101,89,78,24
8/15/2012,36.3,22.9,1.6,70,38,23
8/16/2012,32.8,16.3,0,66,36,19
8/17/2012,29,15,20.6,69,42,2
8/18/2012,28.9,12.4,0,66,36,34
8/19/2012,32.2,15.2,0,62,30,43
8/20/2012,36.6,19.6,0,51,21,28
8/21/2012,40.2,24.1,0,52,21,28
8/22/2012,42.7,27.3,0,63,25,22
8/23/2012,40.2,28.1,7.7,69,39,18
8/24/2012,32.8,25.7,144.6,86,74,54
8/25/2012,32.2,24.8,214.1,85,70,224
8/26/2012,33.1,23.7,35.4,80,59,691
8/27/2012,37.2,21.6,0,60,35,1132
8/28/2012,34.2,17.2,0,54,38,285
8/29/2012,28.4,12.6,0,58,35,106
8/30/2012,30.8,13.4,0,60,31,2
8/31/2012,33.6,16.9,0.2,51,23,4
9/1/2012,37.8,20.5,0,52,16,2
9/2/2012,41,24.4,0,57,20,4
9/3/2012,42.7,26.7,0,67,24,4
9/4/2012,38.4,27.6,48.2,74,54,0
9/5/2012,31.8,25.5,282.8,86,76,6
9/6/2012,31.3,24.8,62.6,83,70,1
9/7/2012,33.1,22.8,18.6,79,54,9
9/8/2012,37.8,22.2,10.2,57,27,28
9/9/2012,35.9,18.3,0,52,24,37
9/10/2012,30.2,12.8,0,56,28,16
9/11/2012,28.6,15.4,0,61,37,5
9/12/2012,31.8,18.1,0,53,30,0
9/13/2012,35.9,21.8,0,44,21,2
9/14/2012,38.5,25.3,0,45,23,1
9/15/2012,40.5,27.2,0,58,38,5
9/16/2012,38.7,28.5,8.2,69,50,2
9/17/2012,32.8,25.9,300,84,78,3
9/18/2012,33,25.3,86.4,82,69,2
9/19/2012,33.8,23.9,14.3,76,58,7
9/20/2012,36.9,23.8,0,52,29,28
9/21/2012,33.5,19.7,0,55,35,16
9/22/2012,28.1,14.5,0,62,37,11
9/23/2012,30.4,13.4,0,72,32,9
9/24/2012,33.2,15.9,0,68,23,7
9/25/2012,37.3,19.4,0,70,17,0
9/26/2012,40.1,22.5,3.4,71,28,5
9/27/2012,40.8,24.9,0,74,31,5
9/28/2012,37.5,27.4,0.3,74,49,2
9/29/2012,34.6,27.3,29.9,79,60,2
9/30/2012,32.1,25.6,45,86,65,6
10/1/2012,35.1,24.9,4.8,83,47,2
10/2/2012,40,24.7,0,66,20,9
10/3/2012,36.8,21.3,0,63,23,25
10/4/2012,30,14.1,0,60,26,17
10/5/2012,27.7,16.7,0,70,47,1
10/6/2012,28.3,18.8,0,75,61,0
10/7/2012,29.7,22,0,79,68,1
10/8/2012,31.5,26,0,83,74,1
10/9/2012,33.1,27.8,0,82,75,2
10/10/2012,33.3,28.9,0.8,79,74,2
10/11/2012,31,27.6,95.2,83,79,2
10/12/2012,29.7,26.3,41.8,83,79,3
10/13/2012,29.9,25.3,10.1,83,76,3
10/14/2012,32.6,25.3,0,80,66,15
10/15/2012,32.7,23.3,0,66,51,18
10/16/2012,28.3,17.6,0,60,39,14
10/17/2012,30.3,14.1,0,76,45,0
10/18/2012,32.6,16.9,0,75,40,0
10/19/2012,35.1,20.2,0,76,43,2
10/20/2012,35.3,23.4,0,81,58,1
10/21/2012,35.2,26.6,0,76,63,1
10/22/2012,34.7,29.2,1.7,74,68,0
10/23/2012,31.2,27.1,375.7,84,81,0
10/24/2012,29.9,25.8,45.8,87,80,2
10/25/2012,31.3,24.2,47.7,85,70,0
10/26/2012,37.2,22.4,0,76,43,6
10/27/2012,35.6,19.7,0,65,48,5
10/28/2012,30.8,15.1,0,56,32,5
10/29/2012,30.1,14.2,0,66,30,9
10/30/2012,32.8,17.1,0,68,22,8
10/31/2012,37.1,20.7,0,67,16,1
11/1/2012,40.7,24.5,0,66,15,14
11/2/2012,42.6,26.6,0,69,18,13
11/3/2012,39.6,27.9,98.7,70,42,12
11/4/2012,32.6,25.9,318.7,86,71,27
11/5/2012,31.4,25,159.3,85,72,82
11/6/2012,33.2,23,30,83,52,185
11/7/2012,38.4,23.2,0,68,22,443
11/8/2012,35.8,19.5,0,58,26,231
11/9/2012,30,13.5,0,56,26,67
11/10/2012,31.2,17.1,0,71,37,8
11/11/2012,33.4,19.5,0,67,30,2
11/12/2012,36.4,22.9,0,63,28,4
11/13/2012,36.7,25.8,0,75,39,3
11/14/2012,35.7,28.5,0,74,63,13
11/15/2012,34,28.2,172.4,78,71,18
11/16/2012,29.3,26.1,865.8,90,85,48
11/17/2012,30.2,25.8,233.5,87,81,99
11/18/2012,31.8,25.1,66.6,80,66,124
11/19/2012,37.1,24.5,0,68,46,104
11/20/2012,35.5,20.5,0,65,43,88
11/21/2012,30.5,15.9,0,62,37,37
11/22/2012,30.1,14,0,68,33,44
11/23/2012,32.9,16.5,0,64,28,22
11/24/2012,37.1,20.1,0,49,20,19
11/25/2012,39.9,25,0,52,20,3
11/26/2012,41.4,28,0,63,25,9
11/27/2012,38.4,28.4,104.9,71,44,5
11/28/2012,31.4,25.4,583.6,87,77,11
11/29/2012,31.7,25.7,191.5,83,68,46
11/30/2012,32.9,24.7,53.4,79,55,165
12/1/2012,36.6,22.7,0,68,37,309
12/2/2012,34.3,18,0,67,34,130
12/3/2012,29.4,12.8,0,68,33,40
12/4/2012,29.9,11.8,0,75,43,3
12/5/2012,31.8,15,0,74,42,0
12/6/2012,34.9,19.2,0,76,44,0
12/7/2012,35.9,19.8,0,75,53,0
12/8/2012,35.6,22.8,0,78,64,0
12/9/2012,33.3,21.9,560,84,72,2
12/10/2012,30.3,20.6,1108,89,83,6
12/11/2012,30.7,21,428,89,81,16
12/12/2012,32.1,21,101,89,78,20
12/13/2012,36.3,22.9,1.6,70,38,18
12/14/2012,32.8,16.3,0,66,36,23
12/15/2012,29,15,20.6,69,42,8
12/16/2012,27.9,11,0,59,31,13
12/17/2012,30,13.9,0,60,32,17
12/18/2012,34.7,18.8,0,47,24,8
12/19/2012,41.1,24.9,3.9,47,18,6
12/20/2012,41.6,27.1,0,64,23,7
12/21/2012,39.3,27.8,103,72,46,8
12/22/2012,36.7,27.3,95.4,78,60,99
12/23/2012,31.6,25.6,309.4,89,73,203
12/24/2012,32.3,25.5,343.3,90,79,803
12/25/2012,33.5,22.9,47.2,71,55,1113
12/26/2012,32.1,20.7,3.9,76,58,609
12/27/2012,27.7,15.1,0,68,48,248
12/28/2012,29.9,11.8,0,49,19,7
12/29/2012,32.3,14.7,0,61,23,3
12/30/2012,35.9,19.9,0,49,19,3
12/31/2012,41.4,24.5,0,51,16,1
1/1/2013,41.3,25.5,1.6,69,27,3
1/2/2013,38.2,26.8,93.8,71,51,1
1/3/2013,34.7,26.1,134.6,78,65,3
1/4/2013,30.8,24.7,364.4,85,75,7
1/5/2013,31.5,24.8,296,88,81,44
1/6/2013,33.1,22.5,47.2,75,58,42
1/7/2013,32.9,19.6,12.4,73,56,73
1/8/2013,29.1,13.4,0,69,41,27
1/9/2013,27.7,13.1,0,59,30,3
1/10/2013,29.9,15.4,0,56,28,0
1/11/2013,33.9,21.1,0,42,20,0
1/12/2013,39,25.6,0,40,20,1
1/13/2013,38.8,26.7,0.4,61,38,1
1/14/2013,37.1,27.9,178.4,73,57,1
1/15/2013,35.2,27.2,155.6,79,66,3
1/16/2013,31.7,25.4,410.4,87,81,13
1/17/2013,32.1,25.7,350.4,87,79,55
1/18/2013,32.9,24.9,39.5,80,58,221
1/19/2013,31.4,21.8,12,79,56,162
1/20/2013,27.7,17.3,0,73,52,89
1/21/2013,29.2,12.8,0,67,26,2
1/22/2013,29.9,14.5,0,65,24,1
1/23/2013,34.9,19.6,0,64,20,1
1/24/2013,40.4,24,0,69,19,0
1/25/2013,39.2,25.4,2.4,80,37,2
1/26/2013,38.6,27.3,15.5,83,48,3
1/27/2013,36.4,26.7,55.6,80,59,0
1/28/2013,32.5,24.7,236.3,76,55,2
1/29/2013,33.7,24.7,142.9,81,61,11
1/30/2013,35,22.9,14,69,39,121
1/31/2013,31.8,19.5,3.5,72,48,3600
2/1/2013,28,13.1,0,64,32,272
2/2/2013,26.7,16.2,2,69,47,4
2/3/2013,26.7,16.2,2,69,47,1
2/4/2013,26.5,17.8,0,72,55,2
2/5/2013,28.9,20.9,0,73,64,4
2/6/2013,30.7,25.2,0,83,75,7
2/7/2013,31.9,27.1,0,82,79,7
2/8/2013,32.3,27.9,33.9,85,81,7
2/9/2013,32.2,28.6,128.3,84,81,18
2/10/2013,30.6,27.2,209.2,86,83,50
2/11/2013,31.3,27,257,87,83,210
2/12/2013,32.9,26,10.5,79,60,209
2/13/2013,31.1,22.7,3,74,62,48
2/14/2013,29.6,13.4,0,62,37,0
2/15/2013,29.4,15.9,0,61,40,0
2/16/2013,33,20,0,60,40,0
2/17/2013,34.9,23.2,0,80,52,1
2/18/2013,33.6,26.6,0,75,64,0
2/19/2013,33.2,27.6,75.6,80,74,0
2/20/2013,33.1,28.2,125.5,81,75,0
2/21/2013,30.5,26.4,212.5,85,78,0
2/22/2013,31.3,25.9,691.2,89,84,3
2/23/2013,33.8,24,31.1,76,57,13
2/24/2013,32.8,21.3,2.9,73,57,76
2/25/2013,29.6,16.2,10.8,66,42,23
2/26/2013,27.3,18.2,4.2,65,47,27
2/27/2013,30.6,14.8,0,61,25,9
2/28/2013,35.1,19.3,0,56,18,5
3/1/2013,41,24.1,0.6,66,16,5
3/2/2013,41.2,25.5,0,71,23,13
3/3/2013,39.1,26.5,67.8,78,43,5
3/4/2013,35.7,26.3,325.2,80,59,15
3/5/2013,31.4,24.8,525.5,87,72,34
3/6/2013,32.2,24.5,390.4,90,81,178
3/7/2013,34.2,22.8,25.1,76,50,722
3/8/2013,32.9,19.9,16.1,74,48,538
3/9/2013,29,13.9,0,69,38,139
3/10/2013,29.9,14.3,0,68,34,8
3/11/2013,31.5,16.8,0,69,32,3
3/12/2013,34.7,20.9,0,61,28,6
3/13/2013,37.8,25.6,0,66,38,1
3/14/2013,35.4,27.5,0,70,61,27
3/15/2013,33.8,28.2,131.2,78,72,9
3/16/2013,32,26.7,543.8,86,80,22
3/17/2013,30.2,26,453.4,88,81,53
3/18/2013,30.8,26,359.4,93,84,101
3/19/2013,33.4,25.3,52.3,0,0,198
3/20/2013,33.3,22.9,32.6,0,0,225
3/21/2013,30.9,18.9,0,0,0,69
3/22/2013,28.7,11.6,0,69,31,5
3/23/2013,31.2,14.9,0,62,29,12
3/24/2013,34.9,18.8,0,50,22,21
3/25/2013,40.7,25,0,51,19,11
3/26/2013,40.3,27.8,0,63,25,14
3/27/2013,38.3,27.9,103.7,76,48,5
3/28/2013,34.6,26.6,243,84,66,14
3/29/2013,30.8,25.7,1155.3,89,76,60
3/30/2013,32.1,25.4,301.4,88,81,159
3/31/2013,33.4,23.7,113.8,78,55,467
4/1/2013,32.4,21.3,4.8,79,53,521
4/2/2013,28.4,16.4,0.8,77,48,267
4/3/2013,30.5,10.8,0,65,45,0
4/4/2013,31.2,13.7,0,67,45,0
4/5/2013,33.4,17.3,0,70,45,0
4/6/2013,35.5,22.1,0,71,52,0
4/7/2013,34.1,23.5,0,73,62,0
4/8/2013,33.6,23.5,230,77,69,0
4/9/2013,31,24.2,1023,89,82,5
4/10/2013,29.9,24.4,564,88,81,36
4/11/2013,29.9,23.7,886,90,83,51
4/12/2013,36.3,22.9,1.6,70,38,93
4/13/2013,32.8,16.3,0,66,36,108
4/14/2013,29,15,20.6,69,42,52
